{"cameraMode":{"drawMode":0,"name":"Shaded","section":"Shading Mode"},"sceneLighting":true,"audioPlay":false,"sceneViewState":{"showFog":true,"showMaterialUpdate":false,"showSkybox":true,"showFlares":true,"showImageEffects":true,"showParticleSystems":true},"in2DMode":false,"pivot":{"x":3.7293667793273927,"y":6.4817328453063969,"z":20.719480514526368},"rotation":{"x":-0.11438332498073578,"y":0.06581713259220123,"z":0.007595300208777189,"w":0.9912249445915222},"size":25.004079818725587,"orthographic":false}