{"cameraMode":{"drawMode":0,"name":"Shaded","section":"Shading Mode"},"sceneLighting":false,"audioPlay":false,"sceneViewState":{"showFog":true,"showMaterialUpdate":false,"showSkybox":true,"showFlares":true,"showImageEffects":true,"showParticleSystems":true},"in2DMode":false,"pivot":{"x":0.1465975046157837,"y":5.65196418762207,"z":13.430980682373047},"rotation":{"x":-0.11272203922271729,"y":0.04707736894488335,"z":0.005346836522221565,"w":0.9924963116645813},"size":22.0,"orthographic":false}